{"position":{"x":1.5390067100524903,"y":-0.3750000596046448,"z":1.4857172966003419}}
