{"position":{"x":4.397164821624756,"y":-0.3749999701976776,"z":4.0562615394592289}}
