{"position":{"x":-0.043599098920822147,"y":-0.375,"z":-1.170116662979126}}
