{"position":{"x":-1.3124547004699708,"y":-0.375,"z":-4.418084144592285},"inventoryCount":[2,1,0],"inventoryId":[0,1,0]}
