{"position":{"x":-1.7148655652999879,"y":-0.3749999701976776,"z":1.7975497245788575},"inventoryCount":[2,1,0],"inventoryId":[0,1,0],"idPlace":[0,1,1],"posPlace":[{"x":2.28997802734375,"y":0.0,"z":-3.140000104904175},{"x":4.03997802734375,"y":0.5899658203125,"z":-4.099999904632568},{"x":5.33001708984375,"y":0.5899658203125,"z":-3.2100000381469728}]}
