{"music":0.6152706146240234,"sfx":0.522047758102417,"fps":50,"pps":50,"FLAGS":7}
