{"music":0.47278323769569399,"sfx":0.8666883111000061,"fps":50,"pps":50,"FLAGS":7}
