{"position":{"x":4.489386081695557,"y":-0.3749999701976776,"z":0.3151698410511017}}
