{"cameraMode":{"drawMode":0,"name":"Shaded","section":"Shading Mode"},"sceneLighting":true,"audioPlay":false,"sceneViewState":{"m_AlwaysRefresh":false,"showFog":true,"showSkybox":true,"showFlares":true,"showImageEffects":true,"showParticleSystems":true,"showVisualEffectGraphs":true,"m_FxEnabled":true},"in2DMode":false,"pivot":{"x":0.5207395553588867,"y":-1.9779082536697388,"z":7.535734176635742},"rotation":{"x":-0.22956782579421998,"y":0.19864130020141602,"z":-0.04795044660568237,"w":-0.9516682624816895},"size":2.598076105117798,"orthographic":false}