{"cameraMode":{"drawMode":0,"name":"Shaded","section":"Shading Mode"},"sceneLighting":true,"audioPlay":false,"sceneViewState":{"m_AlwaysRefresh":false,"showFog":true,"showSkybox":true,"showFlares":true,"showImageEffects":true,"showParticleSystems":true,"showVisualEffectGraphs":true,"m_FxEnabled":true},"in2DMode":false,"pivot":{"x":-14.716919898986817,"y":-4.472474575042725,"z":-21.856338500976564},"rotation":{"x":-0.042449336498975757,"y":-0.295287549495697,"z":0.013030387461185456,"w":-0.9545150399208069},"size":1.7320507764816285,"orthographic":false}