{"cameraMode":{"drawMode":0,"name":"Shaded","section":"Shading Mode"},"sceneLighting":true,"audioPlay":false,"sceneViewState":{"m_AlwaysRefresh":false,"showFog":true,"showSkybox":true,"showFlares":true,"showImageEffects":true,"showParticleSystems":true,"showVisualEffectGraphs":true,"m_FxEnabled":true},"in2DMode":false,"pivot":{"x":841.2051391601563,"y":555.8043823242188,"z":110.48809814453125},"rotation":{"x":-0.07587791979312897,"y":0.12025085836648941,"z":-0.009217318147420884,"w":-0.9898005127906799},"size":498.5882568359375,"orthographic":false}