{"cameraMode":{"drawMode":0,"name":"Shaded","section":"Shading Mode"},"sceneLighting":true,"audioPlay":false,"sceneViewState":{"m_AlwaysRefresh":false,"showFog":true,"showSkybox":true,"showFlares":true,"showImageEffects":true,"showParticleSystems":true,"showVisualEffectGraphs":true,"m_FxEnabled":true},"in2DMode":false,"pivot":{"x":-2.4410812854766847,"y":0.26283028721809389,"z":-3.313693046569824},"rotation":{"x":-0.011381241492927075,"y":-0.9681738018989563,"z":0.24711662530899049,"w":-0.04384166747331619},"size":0.351450651884079,"orthographic":false}